{"cameraMode":{"drawMode":0,"name":"Shaded","section":"Shading Mode"},"sceneLighting":false,"audioPlay":false,"sceneViewState":{"showFog":true,"showMaterialUpdate":false,"showSkybox":false,"showFlares":true,"showImageEffects":true,"showParticleSystems":true},"in2DMode":false,"pivot":{"x":1.0703036785125733,"y":-0.5690568685531616,"z":-1.609365463256836},"rotation":{"x":0.07475460320711136,"y":0.6636714935302734,"z":-0.06692088395357132,"w":0.7412856221199036},"size":7.286462783813477,"orthographic":false}