{"cameraMode":{"drawMode":0,"name":"Shaded","section":"Shading Mode"},"sceneLighting":false,"audioPlay":false,"sceneViewState":{"showFog":true,"showMaterialUpdate":false,"showSkybox":false,"showFlares":true,"showImageEffects":true,"showParticleSystems":true},"in2DMode":false,"pivot":{"x":3.2599964141845705,"y":13.610092163085938,"z":28.77271270751953},"rotation":{"x":-0.0006767843151465058,"y":-0.9954421520233154,"z":0.09585699439048767,"w":-0.005972818471491337},"size":98.1463623046875,"orthographic":false}