{"cameraMode":{"drawMode":0,"name":"Shaded","section":"Shading Mode"},"sceneLighting":false,"audioPlay":false,"sceneViewState":{"showFog":true,"showMaterialUpdate":false,"showSkybox":false,"showFlares":true,"showImageEffects":true,"showParticleSystems":true},"in2DMode":false,"pivot":{"x":7.989432334899902,"y":-3.3587758541107179,"z":-7.762300491333008},"rotation":{"x":-0.05950281396508217,"y":-0.9074859023094177,"z":0.13741567730903626,"w":-0.39252495765686037},"size":16.022119522094728,"orthographic":false}