{"cameraMode":{"drawMode":0,"name":"Shaded","section":"Shading Mode"},"sceneLighting":false,"audioPlay":false,"sceneViewState":{"showFog":true,"showMaterialUpdate":false,"showSkybox":false,"showFlares":true,"showImageEffects":true,"showParticleSystems":true},"in2DMode":false,"pivot":{"x":-112.36774444580078,"y":-56.14099884033203,"z":-111.9854736328125},"rotation":{"x":0.06814544647932053,"y":-0.9000701904296875,"z":0.15271757543087007,"w":0.402665913105011},"size":235.53138732910157,"orthographic":false}