{"cameraMode":{"drawMode":0,"name":"Shaded","section":"Shading Mode"},"sceneLighting":false,"audioPlay":false,"sceneViewState":{"showFog":true,"showMaterialUpdate":false,"showSkybox":false,"showFlares":true,"showImageEffects":true,"showParticleSystems":true},"in2DMode":false,"pivot":{"x":-27.3310546875,"y":54.65547180175781,"z":-57.35379409790039},"rotation":{"x":0.052743177860975268,"y":0.8714171648025513,"z":-0.09572803229093552,"w":0.4784623384475708},"size":212.71983337402345,"orthographic":false}