{"cameraMode":{"drawMode":0,"name":"Shaded","section":"Shading Mode"},"sceneLighting":false,"audioPlay":false,"sceneViewState":{"showFog":true,"showMaterialUpdate":false,"showSkybox":false,"showFlares":true,"showImageEffects":true,"showParticleSystems":true},"in2DMode":false,"pivot":{"x":0.3540153503417969,"y":1.1764190196990967,"z":3.662140130996704},"rotation":{"x":0.05786801129579544,"y":0.47901350259780886,"z":-0.03164254128932953,"w":0.8753498792648315},"size":3.254387617111206,"orthographic":false}