{"cameraMode":{"drawMode":0,"name":"Shaded","section":"Shading Mode"},"sceneLighting":false,"audioPlay":false,"sceneViewState":{"showFog":true,"showMaterialUpdate":false,"showSkybox":false,"showFlares":true,"showImageEffects":true,"showParticleSystems":true},"in2DMode":false,"pivot":{"x":42.968082427978519,"y":11.064080238342286,"z":9.99887466430664},"rotation":{"x":0.0472048744559288,"y":-0.8161286115646362,"z":0.06756053119897843,"w":0.5721752047538757},"size":29.57813262939453,"orthographic":false}