{"cameraMode":{"drawMode":0,"name":"Shaded","section":"Shading Mode"},"sceneLighting":false,"audioPlay":false,"sceneViewState":{"showFog":true,"showMaterialUpdate":false,"showSkybox":false,"showFlares":true,"showImageEffects":true,"showParticleSystems":true},"in2DMode":false,"pivot":{"x":-4.509206771850586,"y":3.3581490516662599,"z":12.249865531921387},"rotation":{"x":0.0037340777926146986,"y":0.989047110080719,"z":-0.025223616510629655,"w":0.145523339509964},"size":13.27082633972168,"orthographic":false}