{"cameraMode":{"drawMode":0,"name":"Shaded","section":"Shading Mode"},"sceneLighting":false,"audioPlay":false,"sceneViewState":{"showFog":true,"showMaterialUpdate":false,"showSkybox":false,"showFlares":true,"showImageEffects":true,"showParticleSystems":true},"in2DMode":false,"pivot":{"x":144.699951171875,"y":163.08001708984376,"z":0.0},"rotation":{"x":0.11250173300504685,"y":0.21553035080432893,"z":-0.02500949427485466,"w":0.9697070717811585},"size":719.4694213867188,"orthographic":false}