{"cameraMode":{"drawMode":0,"name":"Shaded","section":"Shading Mode"},"sceneLighting":false,"audioPlay":false,"sceneViewState":{"showFog":true,"showMaterialUpdate":false,"showSkybox":false,"showFlares":true,"showImageEffects":true,"showParticleSystems":true},"in2DMode":false,"pivot":{"x":-68.9256591796875,"y":129.5160369873047,"z":83.84091186523438},"rotation":{"x":0.04833711311221123,"y":-0.7359225749969482,"z":0.053294938057661059,"w":0.6734364628791809},"size":42.814849853515628,"orthographic":false}