{"cameraMode":{"drawMode":0,"name":"Shaded","section":"Shading Mode"},"sceneLighting":false,"audioPlay":false,"sceneViewState":{"showFog":true,"showMaterialUpdate":false,"showSkybox":false,"showFlares":true,"showImageEffects":true,"showParticleSystems":true},"in2DMode":false,"pivot":{"x":36.8073616027832,"y":-26.423768997192384,"z":2.2305908203125},"rotation":{"x":-0.0039824615232646469,"y":0.9913762807846069,"z":-0.1274021863937378,"w":-0.030939731746912004},"size":193.10464477539063,"orthographic":false}