{"cameraMode":{"drawMode":0,"name":"Shaded","section":"Shading Mode"},"sceneLighting":false,"audioPlay":false,"sceneViewState":{"showFog":true,"showMaterialUpdate":false,"showSkybox":false,"showFlares":true,"showImageEffects":true,"showParticleSystems":true},"in2DMode":false,"pivot":{"x":0.039999961853027347,"y":9.440000534057618,"z":126.94000244140625},"rotation":{"x":0.12410808354616165,"y":-0.03780903294682503,"z":0.004606632981449366,"w":0.9916407465934753},"size":44.2811279296875,"orthographic":false}