{"cameraMode":{"drawMode":0,"name":"Shaded","section":"Shading Mode"},"sceneLighting":false,"audioPlay":false,"sceneViewState":{"showFog":true,"showMaterialUpdate":false,"showSkybox":false,"showFlares":true,"showImageEffects":true,"showParticleSystems":true},"in2DMode":false,"pivot":{"x":-1.1758193969726563,"y":2.4063541889190676,"z":3.8213090896606447},"rotation":{"x":0.010635786689817906,"y":0.9191457629203796,"z":-0.0248147863894701,"w":0.39304402470588686},"size":14.881241798400879,"orthographic":false}