{"cameraMode":{"drawMode":0,"name":"Shaded","section":"Shading Mode"},"sceneLighting":true,"audioPlay":false,"sceneViewState":{"showFog":true,"showMaterialUpdate":false,"showSkybox":true,"showFlares":true,"showImageEffects":true,"showParticleSystems":true},"in2DMode":false,"pivot":{"x":-82.23541259765625,"y":-192.236572265625,"z":-99.18289184570313},"rotation":{"x":0.196518212556839,"y":0.47163811326026919,"z":-0.10868901759386063,"w":0.8527346253395081},"size":1058.6668701171875,"orthographic":false}