{"cameraMode":{"drawMode":0,"name":"Shaded","section":"Shading Mode"},"sceneLighting":false,"audioPlay":false,"sceneViewState":{"showFog":true,"showMaterialUpdate":false,"showSkybox":false,"showFlares":true,"showImageEffects":true,"showParticleSystems":true},"in2DMode":false,"pivot":{"x":-30.145658493041993,"y":3.5047850608825685,"z":8.763348579406739},"rotation":{"x":0.10191386938095093,"y":0.8727884888648987,"z":-0.2066526710987091,"w":0.43033722043037417},"size":2.880537509918213,"orthographic":false}