{"cameraMode":{"drawMode":0,"name":"Shaded","section":"Shading Mode"},"sceneLighting":false,"audioPlay":false,"sceneViewState":{"showFog":true,"showMaterialUpdate":false,"showSkybox":false,"showFlares":true,"showImageEffects":true,"showParticleSystems":true},"in2DMode":false,"pivot":{"x":-8.099605560302735,"y":104.46371459960938,"z":32.58129119873047},"rotation":{"x":-0.10783207416534424,"y":0.49194103479385378,"z":-0.06159749999642372,"w":-0.8617833852767944},"size":78.07376098632813,"orthographic":false}