{"cameraMode":{"drawMode":0,"name":"Shaded","section":"Shading Mode"},"sceneLighting":false,"audioPlay":false,"sceneViewState":{"showFog":true,"showMaterialUpdate":false,"showSkybox":false,"showFlares":true,"showImageEffects":true,"showParticleSystems":true},"in2DMode":false,"pivot":{"x":-61.841758728027347,"y":-29.283843994140626,"z":0.476959228515625},"rotation":{"x":0.21685191988945008,"y":0.6156023740768433,"z":-0.1812630146741867,"w":0.7357937693595886},"size":216.07249450683595,"orthographic":false}