{"cameraMode":{"drawMode":0,"name":"Shaded","section":"Shading Mode"},"sceneLighting":false,"audioPlay":false,"sceneViewState":{"showFog":true,"showMaterialUpdate":false,"showSkybox":false,"showFlares":true,"showImageEffects":true,"showParticleSystems":true},"in2DMode":false,"pivot":{"x":1.0892562866210938,"y":-3.175204277038574,"z":-1.771415114402771},"rotation":{"x":-0.07255959510803223,"y":0.6982223987579346,"z":-0.07144998013973236,"w":-0.7087106704711914},"size":256.7183837890625,"orthographic":false}