{"cameraMode":{"drawMode":0,"name":"Shaded","section":"Shading Mode"},"sceneLighting":false,"audioPlay":false,"sceneViewState":{"showFog":true,"showMaterialUpdate":false,"showSkybox":false,"showFlares":true,"showImageEffects":true,"showParticleSystems":true},"in2DMode":false,"pivot":{"x":1.5133389234542847,"y":0.0779256820678711,"z":0.15213298797607423},"rotation":{"x":0.020231759175658227,"y":0.9535893201828003,"z":-0.06435564160346985,"w":0.29393041133880618},"size":5.814130783081055,"orthographic":false}