{"cameraMode":{"drawMode":0,"name":"Shaded","section":"Shading Mode"},"sceneLighting":false,"audioPlay":false,"sceneViewState":{"showFog":true,"showMaterialUpdate":false,"showSkybox":false,"showFlares":true,"showImageEffects":true,"showParticleSystems":true},"in2DMode":false,"pivot":{"x":-0.41338062286376955,"y":1.3703250885009766,"z":32.01007843017578},"rotation":{"x":0.0020563036669045688,"y":-0.9871214628219605,"z":0.15980949997901917,"w":0.013333382084965706},"size":98.1463623046875,"orthographic":false}